{
    "lighting": "vialrgb",
    "matrix": {
        "rows": 6,
        "cols": 23
    },
    "layouts": {
        "keymap":
        [
            [
              "0,0",
              "0,1",
              "0,2",
              "0,3",
              {
                "x": 1.75
              },
              "0,4",
              {
                "x": 9.5
              },
              "0,13",
              {
                "x": 0.75
              },
              "0,14",
              "0,15",
              "0,16",
              "0,17",
              {
                "x": 0.5
              },
              "0,18",
              "0,19",
              "0,20",
              {
                "x": 1
              },
              "0,21",
              "0,22"
            ],
            [
              {
                "y": 0.3999999999999999
              },
              "1,0",
              "1,1",
              "1,2",
              "1,3",
              {
                "x": 1.6500000000000004
              },
              "1,4",
              "1,5",
              "1,6",
              {
                "x": 8.6
              },
              "1,14",
              "1,15",
              {
                "w": 2
              },
              "1,16",
              {
                "x": 1.25
              },
              "1,18",
              "1,19",
              "1,20",
              {
                "x": 1
              },
              "1,21",
              "1,22"
            ],
            [
              "2,0",
              "2,1",
              "2,2",
              {
                "h": 2
              },
              "3,3",
              {
                "x": 1.4500000000000002,
                "w": 1.5
              },
              "2,4",
              "2,5",
              {
                "x": 9.2
              },
              "2,14",
              "2,15",
              "2,16",
              {
                "w": 1.5
              },
              "2,17",
              {
                "x": 0.8500000000000014
              },
              "2,18",
              "2,19",
              "2,20",
              {
                "x": 1
              },
              "2,21",
              "2,22"
            ],
            [
              "3,0",
              "3,1",
              "3,2",
              {
                "x": 2.25,
                "w": 1.75
              },
              "3,4",
              "3,5",
              {
                "x": 9.55
              },
              "3,14",
              "3,15",
              {
                "w": 2.25
              },
              "3,17",
              {
                "x": 4.699999999999999
              },
              "3,21",
              "3,22"
            ],
            [
              "4,0",
              "4,1",
              "4,2",
              {
                "h": 2
              },
              "5,3",
              {
                "x": 1,
                "w": 2.25
              },
              "4,4",
              "4,5",
              {
                "x": 9
              },
              "4,14",
              "4,15",
              {
                "w": 1.75
              },
              "4,16",
              "4,17",
              {
                "x": 1.5
              },
              "4,19",
              {
                "x": 2
              },
              "4,21",
              "4,22"
            ],
            [
              {
                "w": 2
              },
              "5,1",
              "5,2",
              {
                "x": 2,
                "w": 1.25
              },
              "5,4",
              {
                "w": 1.25
              },
              "5,5",
              {
                "x": 12,
                "w": 1.25
              },
              "5,16",
              {
                "w": 1.25
              },
              "5,17",
              {
                "x": 0.5
              },
              "5,18",
              "5,19",
              "5,20",
              {
                "x": 1
              },
              "5,21",
              "5,22"
            ],
            [
              {
                "rx": 0.29,
                "ry": 0.28,
                "y": -0.28,
                "x": 8.360000000000001
              },
              "0,5"
            ],
            [
              {
                "r": 12,
                "rx": 11.5,
                "ry": 2,
                "y": -1.6,
                "x": -2.039999999999999
              },
              "0,6"
            ],
            [
              {
                "y": -0.9999999999999999,
                "x": -1.0399999999999991
              },
              "0,7",
              "0,8"
            ],
            [
              {
                "y": 0.6499999999999999,
                "x": -2.5500000000000007
              },
              "1,7",
              "1,8",
              "1,9",
              "0,9"
            ],
            [
              {
                "x": -3.0999999999999996
              },
              "2,6",
              "2,7",
              "2,8",
              "2,9"
            ],
            [
              {
                "y": 8.881784197001252e-16,
                "x": -2.83
              },
              "3,6",
              "3,7",
              "3,8",
              "3,9"
            ],
            [
              {
                "x": -2.3200000000000003
              },
              "4,6",
              "4,7",
              "4,8",
              "4,9"
            ],
            [
              {
                "x": -2.5999999999999996
              },
              "5,6",
              {
                "w": 2
              },
              "5,7",
              "5,9"
            ],
            [
              {
                "r": -12,
                "y": -6.050000000000001,
                "x": 1.8399999999999999
              },
              "0,10",
              "0,11",
              "0,12"
            ],
            [
              {
                "y": 0.5499999999999998,
                "x": 1.5600000000000005
              },
              "1,10",
              "1,11",
              "1,12",
              {
                "x": -3.552713678800501e-15
              },
              "1,13"
            ],
            [
              {
                "x": 1.1500000000000004
              },
              "2,10",
              "2,11",
              "2,12",
              "2,13"
            ],
            [
              {
                "y": 8.881784197001252e-16,
                "x": 1.3200000000000003
              },
              "3,10",
              "3,11",
              "3,12",
              "3,13"
            ],
            [
              {
                "x": 0.8200000000000003
              },
              "4,10",
              "4,11",
              "4,12",
              "4,13"
            ],
            [
              {
                "x": 0.8200000000000003,
                "w": 2.75
              },
              "5,11",
              "5,13"
            ]
        ]
    }
}
