{
    "lighting": "none",
    "matrix": {
        "rows": 5,
        "cols": 16
    },
    "layouts": {
        "keymap": [
            [
              {
                "y": 0.8,
                "x": 12.9
              },
              "0,12"
            ],
            [
              {
                "y": -0.8500000000000001,
                "x": 0.5
              },
              "0,0",
              {
                "x": 12.4
              },
              "0,13",
              {
                "w": 2
              },
              "0,14",
              {
                "x": 0.8500000000000014
              },
              "0,15"
            ],
            [
              {
                "y": -0.8999999999999999,
                "x": 3.5
              },
              "0,3"
            ],
            [
              {
                "y": -0.8499999999999999,
                "x": 1.5
              },
              "0,1",
              "0,2"
            ],
            [
              {
                "y": -0.2500000000000002,
                "x": 0.25
              },
              "1,0",
              {
                "x": 12.4
              },
              "1,12",
              "1,13",
              {
                "w": 1.5
              },
              "1,14",
              {
                "x": 0.10000000000000142
              },
              "0,0\n\n\n\n\n\n\n\n\ne",
              "0,1\n\n\n\n\n\n\n\n\ne"
            ],
            [
              {
                "y": -0.75,
                "x": 1.25,
                "w": 1.5
              },
              "1,1",
              "1,2"
            ],
            [
              {
                "y": -0.25
              },
              "2,0",
              {
                "x": 12.25
              },
              "2,11",
              "2,12",
              {
                "w": 2.25
              },
              "2,14"
            ],
            [
              {
                "y": -0.75,
                "x": 1,
                "w": 1.75
              },
              "2,1",
              "2,2"
            ],
            [
              {
                "y": -0.25,
                "x": 13
              },
              "3,11",
              "3,12",
              {
                "w": 1.75
              },
              "3,13",
              "3,14"
            ],
            [
              {
                "y": -0.75,
                "x": 1,
                "w": 2
              },
              "3,1",
              "3,2"
            ],
            [
              {
                "y": -0.25,
                "x": 15.75
              },
              "4,13",
              "4,14",
              "4,15"
            ],
            [
              {
                "y": -0.75,
                "x": 1,
                "w": 1.5
              },
              "4,1"
            ],
            [
              {
                "r": 12.5,
                "ry": 0.25,
                "y": -0.1,
                "x": 4.75
              },
              "0,4",
              "0,5",
              "0,6",
              "0,7"
            ],
            [
              {
                "x": 4.25
              },
              "1,3",
              "1,4",
              "1,5",
              "1,6"
            ],
            [
              {
                "x": 4.5
              },
              "2,3",
              "2,4",
              "2,5",
              "2,6"
            ],
            [
              {
                "x": 5
              },
              "3,3",
              "3,4",
              "3,5",
              "3,6"
            ],
            [
              {
                "x": 4.75,
                "w": 1.5
              },
              "4,2",
              {
                "w": 2.25
              },
              "4,3",
              "4,6"
            ],
            [
              {
                "r": -12.5,
                "y": -1.3000000000000003,
                "x": 8.25
              },
              "0,8",
              "0,9",
              "0,10",
              "0,11"
            ],
            [
              {
                "x": 7.75
              },
              "1,7",
              "1,8",
              "1,9",
              "1,10",
              "1,11"
            ],
            [
              {
                "x": 8
              },
              "2,7",
              "2,8",
              "2,9",
              "2,10"
            ],
            [
              {
                "x": 7.5
              },
              "3,7",
              "3,8",
              "3,9",
              "3,10"
            ],
            [
              {
                "x": 8,
                "w": 2.75
              },
              "4,7",
              {
                "w": 1.5
              },
              "4,10"
            ]
          ]
    }
}