{
    "lighting": "vialrgb",
    "matrix": {
        "rows": 1,
        "cols": 22
    },
    "layouts": {
        "keymap": [
            [
                {
                "x": 8.25
                },
                "0, 18",
                "0, 19",
                "0, 17",
                "0, 21",
                "0, 5",
                "0, 4",
                "0, 6"
            ],
            [
                {
                "y": 0.75,
                "x": 5.25
                },
                "0, 15"
            ],
            [
                {
                "y": -0.10000000000000009,
                "x": 9.4
                },
                "0, 12"
            ],
            [
                {
                "y": -0.8999999999999999,
                "x": 11
                },
                "0, 13"
            ],
            [
                {
                "y": -0.75,
                "x": 12.6
                },
                "0, 14"
            ],
            [
                {
                "y": -0.75,
                "x": 3.25
                },
                "0, 0",
                {
                "x": 0.6500000000000004
                },
                "0, 2",
                {
                "x": 2
                },
                "0, 11"
            ],
            [
                {
                "y": -0.25,
                "x": 6.3
                },
                "0, 3"
            ],
            [
                {
                "y": -0.75,
                "x": 9.3
                },
                "0, 8"
            ],
            [
                {
                "y": -0.9000000000000004,
                "x": 10.9
                },
                "0, 9"
            ],
            [
                {
                "y": -0.7999999999999998,
                "x": 12.45
                },
                "0, 10"
            ],
            [
                {
                "y": -0.5499999999999998,
                "x": 7.8
                },
                "0, 7"
            ],
            [
                {
                "y": 0.5,
                "x": 5.5
                },
                "0, 16",
                {
                "x": 2.5
                },
                "0, 20"
            ],
            [
                {
                "y": -0.5,
                "x": 7.25
                },
                "0, 1"
            ]
        ]
    }
}
